subreddit,category,purpose,url
r/soccer,Karma farming,"Wide-appeal content (sport) to build karma fast",https://www.reddit.com/r/soccer/
r/soccermemes,Karma farming,"Memes get easy upvotes -> fast karma",https://www.reddit.com/r/soccermemes/
r/AskReddit,Karma farming,"High-traffic Q&A; easy comment karma",https://www.reddit.com/r/AskReddit/
r/meme,Karma farming,"Memes for fast post karma (one meme can net 500+)",https://www.reddit.com/r/meme/
r/AskMen,Karma farming,"High-engagement discussion for comment karma",https://www.reddit.com/r/AskMen/
r/movies,Karma farming,"Wide-appeal discussion",https://www.reddit.com/r/movies/
r/worldnews,Karma farming,"High-traffic; wide appeal",https://www.reddit.com/r/worldnews/
r/humor,Karma farming,"Funny content for easy upvotes",https://www.reddit.com/r/humor/
r/SaaS,B2B target,"Core B2B SaaS audience and founders",https://www.reddit.com/r/SaaS/
r/startups,B2B target,"Founders and operators",https://www.reddit.com/r/startups/
r/Entrepreneur,B2B target,"Founders and operators",https://www.reddit.com/r/Entrepreneur/
r/Accounting,B2B target (ICP example),"Example ICP sub for an accounting/fintech tool",https://www.reddit.com/r/Accounting/
r/CPA,B2B target (ICP example),"Example ICP sub for an accounting/fintech tool",https://www.reddit.com/r/CPA/
"5-10 non-business subs (a sport, a hobby)",Warmup mix,"Real humans have mixed feeds; subscribe alongside target subs during warmup",
